"pagename","pageviewcount","datetime"
ВКонтакте,481,2025-01-05 12:00:00.000
Яндекс,930,2025-01-05 12:00:00.000
Mail.ru,93,2025-01-05 12:00:00.000
ВКонтакте,542,2025-01-06 12:00:00.000
Яндекс,991,2025-01-06 12:00:00.000
Mail.ru,117,2025-01-06 12:00:00.000
ВКонтакте,506,2025-01-07 12:00:00.000
Яндекс,1153,2025-01-07 12:00:00.000
Mail.ru,85,2025-01-07 12:00:00.000
ВКонтакте,523,2025-01-08 12:00:00.000
Яндекс,1172,2025-01-08 12:00:00.000
Mail.ru,126,2025-01-08 12:00:00.000
ВКонтакте,626,2025-01-09 12:00:00.000
Яндекс,1247,2025-01-09 12:00:00.000
Mail.ru,169,2025-01-09 12:00:00.000
ВКонтакте,589,2025-01-10 12:00:00.000
Яндекс,1138,2025-01-10 12:00:00.000
Mail.ru,180,2025-01-10 12:00:00.000
ВКонтакте,410,2025-01-11 12:00:00.000
Яндекс,935,2025-01-11 12:00:00.000
Mail.ru,75,2025-01-11 12:00:00.000
ВКонтакте,459,2025-01-12 12:00:00.000
Яндекс,1018,2025-01-12 12:00:00.000
Mail.ru,79,2025-01-12 12:00:00.000
ВКонтакте,496,2025-01-13 12:00:00.000
Яндекс,1105,2025-01-13 12:00:00.000
Mail.ru,152,2025-01-13 12:00:00.000
ВКонтакте,379,2025-01-14 12:00:00.000
Яндекс,965,2025-01-14 12:00:00.000
Mail.ru,184,2025-01-14 12:00:00.000
ВКонтакте,466,2025-01-15 12:00:00.000
Яндекс,1173,2025-01-15 12:00:00.000
Mail.ru,126,2025-01-15 12:00:00.000
ВКонтакте,591,2025-01-16 12:00:00.000
Яндекс,1006,2025-01-16 12:00:00.000
Mail.ru,146,2025-01-16 12:00:00.000
ВКонтакте,704,2025-01-17 12:00:00.000
Яндекс,1320,2025-01-17 12:00:00.000
Mail.ru,131,2025-01-17 12:00:00.000
ВКонтакте,497,2025-01-18 12:00:00.000
Яндекс,1248,2025-01-18 12:00:00.000
Mail.ru,80,2025-01-18 12:00:00.000
ВКонтакте,482,2025-01-19 12:00:00.000
Яндекс,1165,2025-01-19 12:00:00.000
Mail.ru,99,2025-01-19 12:00:00.000
ВКонтакте,718,2025-01-20 12:00:00.000
Яндекс,1323,2025-01-20 12:00:00.000
Mail.ru,186,2025-01-20 12:00:00.000
ВКонтакте,648,2025-01-21 12:00:00.000
Яндекс,1599,2025-01-21 12:00:00.000
Mail.ru,173,2025-01-21 12:00:00.000
ВКонтакте,564,2025-01-22 12:00:00.000
Яндекс,1311,2025-01-22 12:00:00.000
Mail.ru,173,2025-01-22 12:00:00.000
ВКонтакте,916,2025-01-23 12:00:00.000
Яндекс,1555,2025-01-23 12:00:00.000
Mail.ru,136,2025-01-23 12:00:00.000
ВКонтакте,757,2025-01-24 12:00:00.000
Яндекс,1183,2025-01-24 12:00:00.000
Mail.ru,147,2025-01-24 12:00:00.000
ВКонтакте,640,2025-01-25 12:00:00.000
Яндекс,1031,2025-01-25 12:00:00.000
Mail.ru,131,2025-01-25 12:00:00.000
ВКонтакте,541,2025-01-26 12:00:00.000
Яндекс,1047,2025-01-26 12:00:00.000
Mail.ru,184,2025-01-26 12:00:00.000
ВКонтакте,991,2025-01-27 12:00:00.000
Яндекс,1306,2025-01-27 12:00:00.000
Mail.ru,159,2025-01-27 12:00:00.000
ВКонтакте,835,2025-01-28 12:00:00.000
Яндекс,1031,2025-01-28 12:00:00.000
Mail.ru,175,2025-01-28 12:00:00.000
ВКонтакте,889,2025-01-29 12:00:00.000
Яндекс,1045,2025-01-29 12:00:00.000
Mail.ru,125,2025-01-29 12:00:00.000
ВКонтакте,815,2025-01-30 12:00:00.000
Яндекс,1069,2025-01-30 12:00:00.000
Mail.ru,245,2025-01-30 12:00:00.000
ВКонтакте,568,2025-01-31 12:00:00.000
Яндекс,952,2025-01-31 12:00:00.000
Mail.ru,144,2025-01-31 12:00:00.000
ВКонтакте,283,2025-02-01 12:00:00.000
Яндекс,973,2025-02-01 12:00:00.000
Mail.ru,77,2025-02-01 12:00:00.000
ВКонтакте,267,2025-02-02 12:00:00.000
Яндекс,831,2025-02-02 12:00:00.000
Mail.ru,85,2025-02-02 12:00:00.000
ВКонтакте,645,2025-02-03 12:00:00.000
Яндекс,1095,2025-02-03 12:00:00.000
Mail.ru,214,2025-02-03 12:00:00.000
ВКонтакте,520,2025-02-04 12:00:00.000
Яндекс,1013,2025-02-04 12:00:00.000
Mail.ru,145,2025-02-04 12:00:00.000
ВКонтакте,346,2025-02-05 12:00:00.000
Яндекс,1298,2025-02-05 12:00:00.000
Mail.ru,127,2025-02-05 12:00:00.000
ВКонтакте,369,2025-02-06 12:00:00.000
Яндекс,1402,2025-02-06 12:00:00.000
Mail.ru,255,2025-02-06 12:00:00.000
ВКонтакте,412,2025-02-07 12:00:00.000
Яндекс,996,2025-02-07 12:00:00.000
Mail.ru,127,2025-02-07 12:00:00.000
ВКонтакте,345,2025-02-08 12:00:00.000
Яндекс,950,2025-02-08 12:00:00.000
Mail.ru,56,2025-02-08 12:00:00.000
ВКонтакте,350,2025-02-09 12:00:00.000
Яндекс,1380,2025-02-09 12:00:00.000
Mail.ru,314,2025-02-09 12:00:00.000
ВКонтакте,513,2025-02-10 12:00:00.000
Яндекс,1620,2025-02-10 12:00:00.000
Mail.ru,266,2025-02-10 12:00:00.000
ВКонтакте,334,2025-02-11 12:00:00.000
Яндекс,1428,2025-02-11 12:00:00.000
Mail.ru,158,2025-02-11 12:00:00.000
ВКонтакте,596,2025-02-12 12:00:00.000
Яндекс,1350,2025-02-12 12:00:00.000
Mail.ru,265,2025-02-12 12:00:00.000
ВКонтакте,539,2025-02-13 12:00:00.000
Яндекс,1196,2025-02-13 12:00:00.000
Mail.ru,264,2025-02-13 12:00:00.000
ВКонтакте,440,2025-02-14 12:00:00.000
Яндекс,1449,2025-02-14 12:00:00.000
Mail.ru,150,2025-02-14 12:00:00.000
ВКонтакте,429,2025-02-15 12:00:00.000
Яндекс,1309,2025-02-15 12:00:00.000
Mail.ru,69,2025-02-15 12:00:00.000
ВКонтакте,1077,2025-02-16 12:00:00.000
Яндекс,1292,2025-02-16 12:00:00.000
Mail.ru,92,2025-02-16 12:00:00.000
ВКонтакте,1110,2025-02-17 12:00:00.000
Яндекс,1407,2025-02-17 12:00:00.000
Mail.ru,184,2025-02-17 12:00:00.000
ВКонтакте,1260,2025-02-18 12:00:00.000
Яндекс,1559,2025-02-18 12:00:00.000
Mail.ru,168,2025-02-18 12:00:00.000
ВКонтакте,793,2025-02-19 12:00:00.000
Яндекс,1580,2025-02-19 12:00:00.000
Mail.ru,210,2025-02-19 12:00:00.000
ВКонтакте,582,2025-02-20 12:00:00.000
Яндекс,1409,2025-02-20 12:00:00.000
Mail.ru,156,2025-02-20 12:00:00.000
ВКонтакте,911,2025-02-21 12:00:00.000
Яндекс,1597,2025-02-21 12:00:00.000
Mail.ru,128,2025-02-21 12:00:00.000
ВКонтакте,798,2025-02-22 12:00:00.000
Яндекс,1164,2025-02-22 12:00:00.000
Mail.ru,75,2025-02-22 12:00:00.000
ВКонтакте,373,2025-02-23 12:00:00.000
Яндекс,1143,2025-02-23 12:00:00.000
Mail.ru,125,2025-02-23 12:00:00.000
ВКонтакте,808,2025-02-24 12:00:00.000
Яндекс,1841,2025-02-24 12:00:00.000
Mail.ru,168,2025-02-24 12:00:00.000
ВКонтакте,438,2025-02-25 12:00:00.000
Яндекс,1683,2025-02-25 12:00:00.000
Mail.ru,130,2025-02-25 12:00:00.000
ВКонтакте,603,2025-02-26 12:00:00.000
Яндекс,1365,2025-02-26 12:00:00.000
Mail.ru,143,2025-02-26 12:00:00.000
ВКонтакте,586,2025-02-27 12:00:00.000
Яндекс,1631,2025-02-27 12:00:00.000
Mail.ru,125,2025-02-27 12:00:00.000
ВКонтакте,380,2025-02-28 12:00:00.000
Яндекс,1629,2025-02-28 12:00:00.000
Mail.ru,164,2025-02-28 12:00:00.000
ВКонтакте,734,2025-03-01 12:00:00.000
Яндекс,1514,2025-03-01 12:00:00.000
Mail.ru,64,2025-03-01 12:00:00.000
ВКонтакте,757,2025-03-02 12:00:00.000
Яндекс,1379,2025-03-02 12:00:00.000
Mail.ru,84,2025-03-02 12:00:00.000
ВКонтакте,609,2025-03-03 12:00:00.000
Яндекс,1702,2025-03-03 12:00:00.000
Mail.ru,172,2025-03-03 12:00:00.000
ВКонтакте,692,2025-03-04 12:00:00.000
Яндекс,1609,2025-03-04 12:00:00.000
Mail.ru,214,2025-03-04 12:00:00.000
ВКонтакте,700,2025-03-05 12:00:00.000
Яндекс,1318,2025-03-05 12:00:00.000
Mail.ru,175,2025-03-05 12:00:00.000
ВКонтакте,422,2025-03-06 12:00:00.000
Яндекс,1425,2025-03-06 12:00:00.000
Mail.ru,284,2025-03-06 12:00:00.000
ВКонтакте,615,2025-03-07 12:00:00.000
Яндекс,1489,2025-03-07 12:00:00.000
Mail.ru,128,2025-03-07 12:00:00.000
ВКонтакте,297,2025-03-08 12:00:00.000
Яндекс,1146,2025-03-08 12:00:00.000
Mail.ru,50,2025-03-08 12:00:00.000
ВКонтакте,163,2025-03-09 12:00:00.000
Яндекс,1400,2025-03-09 12:00:00.000
Mail.ru,62,2025-03-09 12:00:00.000
ВКонтакте,337,2025-03-10 12:00:00.000
Яндекс,1522,2025-03-10 12:00:00.000
Mail.ru,144,2025-03-10 12:00:00.000
ВКонтакте,310,2025-03-11 12:00:00.000
Яндекс,1211,2025-03-11 12:00:00.000
Mail.ru,145,2025-03-11 12:00:00.000
ВКонтакте,305,2025-03-12 12:00:00.000
Яндекс,1423,2025-03-12 12:00:00.000
Mail.ru,124,2025-03-12 12:00:00.000
ВКонтакте,272,2025-03-13 12:00:00.000
Яндекс,1467,2025-03-13 12:00:00.000
Mail.ru,106,2025-03-13 12:00:00.000
ВКонтакте,325,2025-03-14 12:00:00.000
Яндекс,1402,2025-03-14 12:00:00.000
Mail.ru,94,2025-03-14 12:00:00.000
ВКонтакте,269,2025-03-15 12:00:00.000
Яндекс,931,2025-03-15 12:00:00.000
Mail.ru,62,2025-03-15 12:00:00.000
ВКонтакте,222,2025-03-16 12:00:00.000
Яндекс,1227,2025-03-16 12:00:00.000
Mail.ru,70,2025-03-16 12:00:00.000
ВКонтакте,258,2025-03-17 12:00:00.000
Яндекс,1226,2025-03-17 12:00:00.000
Mail.ru,132,2025-03-17 12:00:00.000
ВКонтакте,318,2025-03-18 12:00:00.000
Яндекс,1103,2025-03-18 12:00:00.000
Mail.ru,125,2025-03-18 12:00:00.000
ВКонтакте,265,2025-03-19 12:00:00.000
Яндекс,804,2025-03-19 12:00:00.000
Mail.ru,99,2025-03-19 12:00:00.000
ВКонтакте,154,2025-03-20 12:00:00.000
Яндекс,927,2025-03-20 12:00:00.000
Mail.ru,70,2025-03-20 12:00:00.000
ВКонтакте,124,2025-03-21 12:00:00.000
Яндекс,1147,2025-03-21 12:00:00.000
Mail.ru,55,2025-03-21 12:00:00.000
ВКонтакте,294,2025-03-22 12:00:00.000
Яндекс,589,2025-03-22 12:00:00.000
Mail.ru,35,2025-03-22 12:00:00.000
ВКонтакте,122,2025-03-23 12:00:00.000
Яндекс,588,2025-03-23 12:00:00.000
Mail.ru,28,2025-03-23 12:00:00.000
ВКонтакте,168,2025-03-24 12:00:00.000
Яндекс,960,2025-03-24 12:00:00.000
Mail.ru,44,2025-03-24 12:00:00.000
ВКонтакте,309,2025-03-25 12:00:00.000
Яндекс,895,2025-03-25 12:00:00.000
Mail.ru,77,2025-03-25 12:00:00.000
ВКонтакте,274,2025-03-26 12:00:00.000
Яндекс,906,2025-03-26 12:00:00.000
Mail.ru,55,2025-03-26 12:00:00.000
ВКонтакте,195,2025-03-27 12:00:00.000
Яндекс,1136,2025-03-27 12:00:00.000
Mail.ru,64,2025-03-27 12:00:00.000
ВКонтакте,136,2025-03-28 12:00:00.000
Яндекс,984,2025-03-28 12:00:00.000
Mail.ru,54,2025-03-28 12:00:00.000
ВКонтакте,81,2025-03-29 12:00:00.000
Яндекс,1015,2025-03-29 12:00:00.000
Mail.ru,25,2025-03-29 12:00:00.000
ВКонтакте,247,2025-03-30 12:00:00.000
Яндекс,985,2025-03-30 12:00:00.000
Mail.ru,40,2025-03-30 12:00:00.000
ВКонтакте,252,2025-03-31 12:00:00.000
Яндекс,936,2025-03-31 12:00:00.000
Mail.ru,74,2025-03-31 12:00:00.000
ВКонтакте,307,2025-04-01 12:00:00.000
Яндекс,939,2025-04-01 12:00:00.000
Mail.ru,78,2025-04-01 12:00:00.000
ВКонтакте,163,2025-04-02 12:00:00.000
Яндекс,754,2025-04-02 12:00:00.000
Mail.ru,61,2025-04-02 12:00:00.000
ВКонтакте,120,2025-04-03 12:00:00.000
Яндекс,794,2025-04-03 12:00:00.000
Mail.ru,80,2025-04-03 12:00:00.000
ВКонтакте,73,2025-01-06 02:00:00.000
Яндекс,741,2025-01-06 02:00:00.000
Mail.ru,9,2025-01-06 02:00:00.000
ВКонтакте,103,2025-01-07 02:00:00.000
Яндекс,736,2025-01-07 02:00:00.000
Mail.ru,15,2025-01-07 02:00:00.000
ВКонтакте,87,2025-01-08 02:00:00.000
Яндекс,900,2025-01-08 02:00:00.000
Mail.ru,12,2025-01-08 02:00:00.000
ВКонтакте,82,2025-01-09 02:00:00.000
Яндекс,1026,2025-01-09 02:00:00.000
Mail.ru,29,2025-01-09 02:00:00.000
ВКонтакте,111,2025-01-10 02:00:00.000
Яндекс,1100,2025-01-10 02:00:00.000
Mail.ru,25,2025-01-10 02:00:00.000
ВКонтакте,60,2025-01-11 02:00:00.000
Яндекс,1011,2025-01-11 02:00:00.000
Mail.ru,14,2025-01-11 02:00:00.000
ВКонтакте,91,2025-01-12 02:00:00.000
Яндекс,1086,2025-01-12 02:00:00.000
Mail.ru,10,2025-01-12 02:00:00.000
ВКонтакте,96,2025-01-13 02:00:00.000
Яндекс,1141,2025-01-13 02:00:00.000
Mail.ru,25,2025-01-13 02:00:00.000
ВКонтакте,81,2025-01-14 02:00:00.000
Яндекс,990,2025-01-14 02:00:00.000
Mail.ru,23,2025-01-14 02:00:00.000
ВКонтакте,90,2025-01-15 02:00:00.000
Яндекс,1083,2025-01-15 02:00:00.000
Mail.ru,23,2025-01-15 02:00:00.000
ВКонтакте,82,2025-01-16 02:00:00.000
Яндекс,1183,2025-01-16 02:00:00.000
Mail.ru,23,2025-01-16 02:00:00.000
ВКонтакте,48,2025-01-17 02:00:00.000
Яндекс,1152,2025-01-17 02:00:00.000
Mail.ru,29,2025-01-17 02:00:00.000
ВКонтакте,65,2025-01-18 02:00:00.000
Яндекс,1323,2025-01-18 02:00:00.000
Mail.ru,19,2025-01-18 02:00:00.000
ВКонтакте,58,2025-01-19 02:00:00.000
Яндекс,1218,2025-01-19 02:00:00.000
Mail.ru,9,2025-01-19 02:00:00.000
ВКонтакте,104,2025-01-20 02:00:00.000
Яндекс,1142,2025-01-20 02:00:00.000
Mail.ru,31,2025-01-20 02:00:00.000
ВКонтакте,42,2025-01-21 02:00:00.000
Яндекс,1441,2025-01-21 02:00:00.000
Mail.ru,19,2025-01-21 02:00:00.000
ВКонтакте,52,2025-01-22 02:00:00.000
Яндекс,1786,2025-01-22 02:00:00.000
Mail.ru,28,2025-01-22 02:00:00.000
ВКонтакте,52,2025-01-23 02:00:00.000
Яндекс,1554,2025-01-23 02:00:00.000
Mail.ru,22,2025-01-23 02:00:00.000
ВКонтакте,55,2025-01-24 02:00:00.000
Яндекс,1342,2025-01-24 02:00:00.000
Mail.ru,29,2025-01-24 02:00:00.000
ВКонтакте,69,2025-01-25 02:00:00.000
Яндекс,1325,2025-01-25 02:00:00.000
Mail.ru,11,2025-01-25 02:00:00.000
ВКонтакте,77,2025-01-26 02:00:00.000
Яндекс,1128,2025-01-26 02:00:00.000
Mail.ru,12,2025-01-26 02:00:00.000
ВКонтакте,75,2025-01-27 02:00:00.000
Яндекс,1175,2025-01-27 02:00:00.000
Mail.ru,28,2025-01-27 02:00:00.000
ВКонтакте,67,2025-01-28 02:00:00.000
Яндекс,1178,2025-01-28 02:00:00.000
Mail.ru,20,2025-01-28 02:00:00.000
ВКонтакте,61,2025-01-29 02:00:00.000
Яндекс,1146,2025-01-29 02:00:00.000
Mail.ru,25,2025-01-29 02:00:00.000
ВКонтакте,57,2025-01-30 02:00:00.000
Яндекс,715,2025-01-30 02:00:00.000
Mail.ru,21,2025-01-30 02:00:00.000
ВКонтакте,52,2025-01-31 02:00:00.000
Яндекс,1009,2025-01-31 02:00:00.000
Mail.ru,13,2025-01-31 02:00:00.000
ВКонтакте,116,2025-02-01 02:00:00.000
Яндекс,1179,2025-02-01 02:00:00.000
Mail.ru,16,2025-02-01 02:00:00.000
ВКонтакте,46,2025-02-02 02:00:00.000
Яндекс,1043,2025-02-02 02:00:00.000
Mail.ru,14,2025-02-02 02:00:00.000
ВКонтакте,61,2025-02-03 02:00:00.000
Яндекс,1115,2025-02-03 02:00:00.000
Mail.ru,136,2025-02-03 02:00:00.000
ВКонтакте,149,2025-02-04 02:00:00.000
Яндекс,1013,2025-02-04 02:00:00.000
Mail.ru,22,2025-02-04 02:00:00.000
ВКонтакте,302,2025-02-05 02:00:00.000
Яндекс,1464,2025-02-05 02:00:00.000
Mail.ru,16,2025-02-05 02:00:00.000
ВКонтакте,69,2025-02-06 02:00:00.000
Яндекс,1372,2025-02-06 02:00:00.000
Mail.ru,16,2025-02-06 02:00:00.000
ВКонтакте,64,2025-02-07 02:00:00.000
Яндекс,1361,2025-02-07 02:00:00.000
Mail.ru,24,2025-02-07 02:00:00.000
ВКонтакте,41,2025-02-08 02:00:00.000
Яндекс,691,2025-02-08 02:00:00.000
Mail.ru,10,2025-02-08 02:00:00.000
ВКонтакте,91,2025-02-09 02:00:00.000
Яндекс,1063,2025-02-09 02:00:00.000
Mail.ru,16,2025-02-09 02:00:00.000
ВКонтакте,56,2025-02-10 02:00:00.000
Яндекс,1586,2025-02-10 02:00:00.000
Mail.ru,29,2025-02-10 02:00:00.000
ВКонтакте,38,2025-02-11 02:00:00.000
Яндекс,1439,2025-02-11 02:00:00.000
Mail.ru,16,2025-02-11 02:00:00.000
ВКонтакте,63,2025-02-12 02:00:00.000
Яндекс,1580,2025-02-12 02:00:00.000
Mail.ru,20,2025-02-12 02:00:00.000
ВКонтакте,56,2025-02-13 02:00:00.000
Яндекс,1480,2025-02-13 02:00:00.000
Mail.ru,18,2025-02-13 02:00:00.000
ВКонтакте,51,2025-02-14 02:00:00.000
Яндекс,1521,2025-02-14 02:00:00.000
Mail.ru,15,2025-02-14 02:00:00.000
ВКонтакте,103,2025-02-15 02:00:00.000
Яндекс,1886,2025-02-15 02:00:00.000
Mail.ru,9,2025-02-15 02:00:00.000
ВКонтакте,148,2025-02-16 02:00:00.000
Яндекс,1979,2025-02-16 02:00:00.000
Mail.ru,16,2025-02-16 02:00:00.000
ВКонтакте,92,2025-02-17 02:00:00.000
Яндекс,2089,2025-02-17 02:00:00.000
Mail.ru,20,2025-02-17 02:00:00.000
ВКонтакте,227,2025-02-18 02:00:00.000
Яндекс,1244,2025-02-18 02:00:00.000
Mail.ru,22,2025-02-18 02:00:00.000
ВКонтакте,77,2025-02-19 02:00:00.000
Яндекс,1498,2025-02-19 02:00:00.000
Mail.ru,37,2025-02-19 02:00:00.000
ВКонтакте,67,2025-02-20 02:00:00.000
Яндекс,1548,2025-02-20 02:00:00.000
Mail.ru,34,2025-02-20 02:00:00.000
ВКонтакте,289,2025-02-21 02:00:00.000
Яндекс,1548,2025-02-21 02:00:00.000
Mail.ru,17,2025-02-21 02:00:00.000
ВКонтакте,193,2025-02-22 02:00:00.000
Яндекс,964,2025-02-22 02:00:00.000
Mail.ru,13,2025-02-22 02:00:00.000
ВКонтакте,65,2025-02-23 02:00:00.000
Яндекс,1525,2025-02-23 02:00:00.000
Mail.ru,134,2025-02-23 02:00:00.000
ВКонтакте,151,2025-02-24 02:00:00.000
Яндекс,1498,2025-02-24 02:00:00.000
Mail.ru,28,2025-02-24 02:00:00.000
ВКонтакте,60,2025-02-25 02:00:00.000
Яндекс,1347,2025-02-25 02:00:00.000
Mail.ru,12,2025-02-25 02:00:00.000
ВКонтакте,40,2025-02-26 02:00:00.000
Яндекс,1207,2025-02-26 02:00:00.000
Mail.ru,25,2025-02-26 02:00:00.000
ВКонтакте,103,2025-02-27 02:00:00.000
Яндекс,1657,2025-02-27 02:00:00.000
Mail.ru,19,2025-02-27 02:00:00.000
ВКонтакте,48,2025-02-28 02:00:00.000
Яндекс,1720,2025-02-28 02:00:00.000
Mail.ru,17,2025-02-28 02:00:00.000
ВКонтакте,17,2025-03-01 02:00:00.000
Яндекс,1142,2025-03-01 02:00:00.000
Mail.ru,14,2025-03-01 02:00:00.000
ВКонтакте,31,2025-03-02 02:00:00.000
Яндекс,1586,2025-03-02 02:00:00.000
Mail.ru,12,2025-03-02 02:00:00.000
ВКонтакте,70,2025-03-03 02:00:00.000
Яндекс,2009,2025-03-03 02:00:00.000
Mail.ru,25,2025-03-03 02:00:00.000
ВКонтакте,166,2025-03-04 02:00:00.000
Яндекс,1866,2025-03-04 02:00:00.000
Mail.ru,22,2025-03-04 02:00:00.000
ВКонтакте,36,2025-03-05 02:00:00.000
Яндекс,2028,2025-03-05 02:00:00.000
Mail.ru,42,2025-03-05 02:00:00.000
ВКонтакте,66,2025-03-06 02:00:00.000
Яндекс,1337,2025-03-06 02:00:00.000
Mail.ru,37,2025-03-06 02:00:00.000
ВКонтакте,115,2025-03-07 02:00:00.000
Яндекс,1256,2025-03-07 02:00:00.000
Mail.ru,11,2025-03-07 02:00:00.000
ВКонтакте,53,2025-03-08 02:00:00.000
Яндекс,1494,2025-03-08 02:00:00.000
Mail.ru,9,2025-03-08 02:00:00.000
ВКонтакте,26,2025-03-09 02:00:00.000
Яндекс,1419,2025-03-09 02:00:00.000
Mail.ru,8,2025-03-09 02:00:00.000
ВКонтакте,37,2025-03-10 02:00:00.000
Яндекс,1622,2025-03-10 02:00:00.000
Mail.ru,29,2025-03-10 02:00:00.000
ВКонтакте,33,2025-03-11 02:00:00.000
Яндекс,1501,2025-03-11 02:00:00.000
Mail.ru,23,2025-03-11 02:00:00.000
ВКонтакте,33,2025-03-12 02:00:00.000
Яндекс,1707,2025-03-12 02:00:00.000
Mail.ru,18,2025-03-12 02:00:00.000
ВКонтакте,58,2025-03-13 02:00:00.000
Яндекс,1544,2025-03-13 02:00:00.000
Mail.ru,13,2025-03-13 02:00:00.000
ВКонтакте,40,2025-03-14 02:00:00.000
Яндекс,758,2025-03-14 02:00:00.000
Mail.ru,14,2025-03-14 02:00:00.000
ВКонтакте,33,2025-03-15 02:00:00.000
Яндекс,1499,2025-03-15 02:00:00.000
Mail.ru,7,2025-03-15 02:00:00.000
ВКонтакте,42,2025-03-16 02:00:00.000
Яндекс,1046,2025-03-16 02:00:00.000
Mail.ru,12,2025-03-16 02:00:00.000
ВКонтакте,58,2025-03-17 02:00:00.000
Яндекс,1518,2025-03-17 02:00:00.000
Mail.ru,15,2025-03-17 02:00:00.000
ВКонтакте,32,2025-03-18 02:00:00.000
Яндекс,1088,2025-03-18 02:00:00.000
Mail.ru,17,2025-03-18 02:00:00.000
ВКонтакте,213,2025-03-19 02:00:00.000
Яндекс,1256,2025-03-19 02:00:00.000
Mail.ru,28,2025-03-19 02:00:00.000
ВКонтакте,21,2025-03-20 02:00:00.000
Яндекс,1222,2025-03-20 02:00:00.000
Mail.ru,9,2025-03-20 02:00:00.000
ВКонтакте,23,2025-03-21 02:00:00.000
Яндекс,1105,2025-03-21 02:00:00.000
Mail.ru,8,2025-03-21 02:00:00.000
ВКонтакте,20,2025-03-22 02:00:00.000
Яндекс,829,2025-03-22 02:00:00.000
Mail.ru,4,2025-03-22 02:00:00.000
ВКонтакте,23,2025-03-23 02:00:00.000
Яндекс,644,2025-03-23 02:00:00.000
Mail.ru,7,2025-03-23 02:00:00.000
ВКонтакте,26,2025-03-24 02:00:00.000
Яндекс,932,2025-03-24 02:00:00.000
Mail.ru,9,2025-03-24 02:00:00.000
ВКонтакте,25,2025-03-25 02:00:00.000
Яндекс,875,2025-03-25 02:00:00.000
Mail.ru,10,2025-03-25 02:00:00.000
ВКонтакте,25,2025-03-26 02:00:00.000
Яндекс,952,2025-03-26 02:00:00.000
Mail.ru,4,2025-03-26 02:00:00.000
ВКонтакте,22,2025-03-27 02:00:00.000
Яндекс,984,2025-03-27 02:00:00.000
Mail.ru,8,2025-03-27 02:00:00.000
ВКонтакте,32,2025-03-28 02:00:00.000
Яндекс,1001,2025-03-28 02:00:00.000
Mail.ru,8,2025-03-28 02:00:00.000
ВКонтакте,14,2025-03-29 02:00:00.000
Яндекс,1037,2025-03-29 02:00:00.000
Mail.ru,9,2025-03-29 02:00:00.000
ВКонтакте,18,2025-03-30 02:00:00.000
Яндекс,953,2025-03-30 02:00:00.000
Mail.ru,9,2025-03-30 02:00:00.000
ВКонтакте,24,2025-03-31 02:00:00.000
Яндекс,921,2025-03-31 02:00:00.000
Mail.ru,12,2025-03-31 02:00:00.000
ВКонтакте,18,2025-04-01 02:00:00.000
Яндекс,875,2025-04-01 02:00:00.000
Mail.ru,15,2025-04-01 02:00:00.000
ВКонтакте,33,2025-04-02 02:00:00.000
Яндекс,797,2025-04-02 02:00:00.000
Mail.ru,12,2025-04-02 02:00:00.000
ВКонтакте,30,2025-04-03 02:00:00.000
Яндекс,944,2025-04-03 02:00:00.000
Mail.ru,7,2025-04-03 02:00:00.000
ВКонтакте,52,2025-04-04 02:00:00.000
Яндекс,936,2025-04-04 02:00:00.000
Mail.ru,11,2025-04-04 02:00:00.000
ВКонтакте,440,2025-01-05 19:00:00.000
Яндекс,911,2025-01-05 19:00:00.000
Mail.ru,78,2025-01-05 19:00:00.000
ВКонтакте,538,2025-01-06 19:00:00.000
Яндекс,1012,2025-01-06 19:00:00.000
Mail.ru,59,2025-01-06 19:00:00.000
ВКонтакте,442,2025-01-07 19:00:00.000
Яндекс,974,2025-01-07 19:00:00.000
Mail.ru,74,2025-01-07 19:00:00.000
ВКонтакте,587,2025-01-08 19:00:00.000
Яндекс,1153,2025-01-08 19:00:00.000
Mail.ru,79,2025-01-08 19:00:00.000
ВКонтакте,470,2025-01-09 19:00:00.000
Яндекс,1110,2025-01-09 19:00:00.000
Mail.ru,109,2025-01-09 19:00:00.000
ВКонтакте,559,2025-01-10 19:00:00.000
Яндекс,1105,2025-01-10 19:00:00.000
Mail.ru,84,2025-01-10 19:00:00.000
ВКонтакте,458,2025-01-11 19:00:00.000
Яндекс,1268,2025-01-11 19:00:00.000
Mail.ru,66,2025-01-11 19:00:00.000
ВКонтакте,555,2025-01-12 19:00:00.000
Яндекс,911,2025-01-12 19:00:00.000
Mail.ru,75,2025-01-12 19:00:00.000
ВКонтакте,591,2025-01-13 19:00:00.000
Яндекс,929,2025-01-13 19:00:00.000
Mail.ru,71,2025-01-13 19:00:00.000
ВКонтакте,429,2025-01-14 19:00:00.000
Яндекс,860,2025-01-14 19:00:00.000
Mail.ru,79,2025-01-14 19:00:00.000
ВКонтакте,396,2025-01-15 19:00:00.000
Яндекс,1225,2025-01-15 19:00:00.000
Mail.ru,93,2025-01-15 19:00:00.000
ВКонтакте,310,2025-01-16 19:00:00.000
Яндекс,1088,2025-01-16 19:00:00.000
Mail.ru,93,2025-01-16 19:00:00.000
ВКонтакте,453,2025-01-17 19:00:00.000
Яндекс,1164,2025-01-17 19:00:00.000
Mail.ru,77,2025-01-17 19:00:00.000
ВКонтакте,609,2025-01-18 19:00:00.000
Яндекс,1254,2025-01-18 19:00:00.000
Mail.ru,73,2025-01-18 19:00:00.000
ВКонтакте,513,2025-01-19 19:00:00.000
Яндекс,1084,2025-01-19 19:00:00.000
Mail.ru,133,2025-01-19 19:00:00.000
ВКонтакте,657,2025-01-20 19:00:00.000
Яндекс,1213,2025-01-20 19:00:00.000
Mail.ru,110,2025-01-20 19:00:00.000
ВКонтакте,631,2025-01-21 19:00:00.000
Яндекс,1365,2025-01-21 19:00:00.000
Mail.ru,105,2025-01-21 19:00:00.000
ВКонтакте,487,2025-01-22 19:00:00.000
Яндекс,1313,2025-01-22 19:00:00.000
Mail.ru,231,2025-01-22 19:00:00.000
ВКонтакте,736,2025-01-23 19:00:00.000
Яндекс,1218,2025-01-23 19:00:00.000
Mail.ru,95,2025-01-23 19:00:00.000
ВКонтакте,1180,2025-01-24 19:00:00.000
Яндекс,1172,2025-01-24 19:00:00.000
Mail.ru,90,2025-01-24 19:00:00.000
ВКонтакте,513,2025-01-25 19:00:00.000
Яндекс,1150,2025-01-25 19:00:00.000
Mail.ru,67,2025-01-25 19:00:00.000
ВКонтакте,536,2025-01-26 19:00:00.000
Яндекс,1056,2025-01-26 19:00:00.000
Mail.ru,77,2025-01-26 19:00:00.000
ВКонтакте,521,2025-01-27 19:00:00.000
Яндекс,1208,2025-01-27 19:00:00.000
Mail.ru,202,2025-01-27 19:00:00.000
ВКонтакте,596,2025-01-28 19:00:00.000
Яндекс,1062,2025-01-28 19:00:00.000
Mail.ru,91,2025-01-28 19:00:00.000
ВКонтакте,685,2025-01-29 19:00:00.000
Яндекс,1081,2025-01-29 19:00:00.000
Mail.ru,99,2025-01-29 19:00:00.000
ВКонтакте,936,2025-01-30 19:00:00.000
Яндекс,1111,2025-01-30 19:00:00.000
Mail.ru,94,2025-01-30 19:00:00.000
ВКонтакте,515,2025-01-31 19:00:00.000
Яндекс,883,2025-01-31 19:00:00.000
Mail.ru,69,2025-01-31 19:00:00.000
ВКонтакте,399,2025-02-01 19:00:00.000
Яндекс,1065,2025-02-01 19:00:00.000
Mail.ru,53,2025-02-01 19:00:00.000
ВКонтакте,572,2025-02-02 19:00:00.000
Яндекс,1042,2025-02-02 19:00:00.000
Mail.ru,154,2025-02-02 19:00:00.000
ВКонтакте,464,2025-02-03 19:00:00.000
Яндекс,905,2025-02-03 19:00:00.000
Mail.ru,178,2025-02-03 19:00:00.000
ВКонтакте,981,2025-02-04 19:00:00.000
Яндекс,1211,2025-02-04 19:00:00.000
Mail.ru,90,2025-02-04 19:00:00.000
ВКонтакте,431,2025-02-05 19:00:00.000
Яндекс,1181,2025-02-05 19:00:00.000
Mail.ru,94,2025-02-05 19:00:00.000
ВКонтакте,246,2025-02-06 19:00:00.000
Яндекс,1217,2025-02-06 19:00:00.000
Mail.ru,70,2025-02-06 19:00:00.000
ВКонтакте,326,2025-02-07 19:00:00.000
Яндекс,765,2025-02-07 19:00:00.000
Mail.ru,50,2025-02-07 19:00:00.000
ВКонтакте,423,2025-02-08 19:00:00.000
Яндекс,961,2025-02-08 19:00:00.000
Mail.ru,61,2025-02-08 19:00:00.000
ВКонтакте,520,2025-02-09 19:00:00.000
Яндекс,1284,2025-02-09 19:00:00.000
Mail.ru,77,2025-02-09 19:00:00.000
ВКонтакте,372,2025-02-10 19:00:00.000
Яндекс,1404,2025-02-10 19:00:00.000
Mail.ru,196,2025-02-10 19:00:00.000
ВКонтакте,551,2025-02-11 19:00:00.000
Яндекс,1422,2025-02-11 19:00:00.000
Mail.ru,102,2025-02-11 19:00:00.000
ВКонтакте,449,2025-02-12 19:00:00.000
Яндекс,1318,2025-02-12 19:00:00.000
Mail.ru,273,2025-02-12 19:00:00.000
ВКонтакте,464,2025-02-13 19:00:00.000
Яндекс,1466,2025-02-13 19:00:00.000
Mail.ru,133,2025-02-13 19:00:00.000
ВКонтакте,654,2025-02-14 19:00:00.000
Яндекс,1447,2025-02-14 19:00:00.000
Mail.ru,57,2025-02-14 19:00:00.000
ВКонтакте,573,2025-02-15 19:00:00.000
Яндекс,1209,2025-02-15 19:00:00.000
Mail.ru,57,2025-02-15 19:00:00.000
ВКонтакте,1119,2025-02-16 19:00:00.000
Яндекс,1704,2025-02-16 19:00:00.000
Mail.ru,181,2025-02-16 19:00:00.000
ВКонтакте,1378,2025-02-17 19:00:00.000
Яндекс,1278,2025-02-17 19:00:00.000
Mail.ru,122,2025-02-17 19:00:00.000
ВКонтакте,1077,2025-02-18 19:00:00.000
Яндекс,1443,2025-02-18 19:00:00.000
Mail.ru,107,2025-02-18 19:00:00.000
ВКонтакте,1046,2025-02-19 19:00:00.000
Яндекс,1633,2025-02-19 19:00:00.000
Mail.ru,88,2025-02-19 19:00:00.000
ВКонтакте,909,2025-02-20 19:00:00.000
Яндекс,1320,2025-02-20 19:00:00.000
Mail.ru,83,2025-02-20 19:00:00.000
ВКонтакте,738,2025-02-21 19:00:00.000
Яндекс,1148,2025-02-21 19:00:00.000
Mail.ru,64,2025-02-21 19:00:00.000
ВКонтакте,936,2025-02-22 19:00:00.000
Яндекс,1491,2025-02-22 19:00:00.000
Mail.ru,81,2025-02-22 19:00:00.000
ВКонтакте,782,2025-02-23 19:00:00.000
Яндекс,1828,2025-02-23 19:00:00.000
Mail.ru,196,2025-02-23 19:00:00.000
ВКонтакте,836,2025-02-24 19:00:00.000
Яндекс,1444,2025-02-24 19:00:00.000
Mail.ru,94,2025-02-24 19:00:00.000
ВКонтакте,344,2025-02-25 19:00:00.000
Яндекс,1175,2025-02-25 19:00:00.000
Mail.ru,91,2025-02-25 19:00:00.000
ВКонтакте,448,2025-02-26 19:00:00.000
Яндекс,1510,2025-02-26 19:00:00.000
Mail.ru,103,2025-02-26 19:00:00.000
ВКонтакте,310,2025-02-27 19:00:00.000
Яндекс,1553,2025-02-27 19:00:00.000
Mail.ru,209,2025-02-27 19:00:00.000
ВКонтакте,838,2025-02-28 19:00:00.000
Яндекс,1064,2025-02-28 19:00:00.000
Mail.ru,154,2025-02-28 19:00:00.000
ВКонтакте,550,2025-03-01 19:00:00.000
Яндекс,1398,2025-03-01 19:00:00.000
Mail.ru,189,2025-03-01 19:00:00.000
ВКонтакте,648,2025-03-02 19:00:00.000
Яндекс,1574,2025-03-02 19:00:00.000
Mail.ru,66,2025-03-02 19:00:00.000
ВКонтакте,705,2025-03-03 19:00:00.000
Яндекс,1858,2025-03-03 19:00:00.000
Mail.ru,100,2025-03-03 19:00:00.000
ВКонтакте,371,2025-03-04 19:00:00.000
Яндекс,1645,2025-03-04 19:00:00.000
Mail.ru,127,2025-03-04 19:00:00.000
ВКонтакте,473,2025-03-05 19:00:00.000
Яндекс,1321,2025-03-05 19:00:00.000
Mail.ru,110,2025-03-05 19:00:00.000
ВКонтакте,632,2025-03-06 19:00:00.000
Яндекс,1479,2025-03-06 19:00:00.000
Mail.ru,99,2025-03-06 19:00:00.000
ВКонтакте,258,2025-03-07 19:00:00.000
Яндекс,1512,2025-03-07 19:00:00.000
Mail.ru,110,2025-03-07 19:00:00.000
ВКонтакте,159,2025-03-08 19:00:00.000
Яндекс,1296,2025-03-08 19:00:00.000
Mail.ru,45,2025-03-08 19:00:00.000
ВКонтакте,297,2025-03-09 19:00:00.000
Яндекс,1374,2025-03-09 19:00:00.000
Mail.ru,64,2025-03-09 19:00:00.000
ВКонтакте,317,2025-03-10 19:00:00.000
Яндекс,1492,2025-03-10 19:00:00.000
Mail.ru,60,2025-03-10 19:00:00.000
ВКонтакте,297,2025-03-11 19:00:00.000
Яндекс,1373,2025-03-11 19:00:00.000
Mail.ru,68,2025-03-11 19:00:00.000
ВКонтакте,277,2025-03-12 19:00:00.000
Яндекс,1459,2025-03-12 19:00:00.000
Mail.ru,76,2025-03-12 19:00:00.000
ВКонтакте,335,2025-03-13 19:00:00.000
Яндекс,1320,2025-03-13 19:00:00.000
Mail.ru,68,2025-03-13 19:00:00.000
ВКонтакте,207,2025-03-14 19:00:00.000
Яндекс,1325,2025-03-14 19:00:00.000
Mail.ru,50,2025-03-14 19:00:00.000
ВКонтакте,179,2025-03-15 19:00:00.000
Яндекс,948,2025-03-15 19:00:00.000
Mail.ru,53,2025-03-15 19:00:00.000
ВКонтакте,244,2025-03-16 19:00:00.000
Яндекс,1187,2025-03-16 19:00:00.000
Mail.ru,58,2025-03-16 19:00:00.000
ВКонтакте,261,2025-03-17 19:00:00.000
Яндекс,1195,2025-03-17 19:00:00.000
Mail.ru,94,2025-03-17 19:00:00.000
ВКонтакте,216,2025-03-18 19:00:00.000
Яндекс,1028,2025-03-18 19:00:00.000
Mail.ru,73,2025-03-18 19:00:00.000
ВКонтакте,191,2025-03-19 19:00:00.000
Яндекс,898,2025-03-19 19:00:00.000
Mail.ru,66,2025-03-19 19:00:00.000
ВКонтакте,200,2025-03-20 19:00:00.000
Яндекс,1020,2025-03-20 19:00:00.000
Mail.ru,31,2025-03-20 19:00:00.000
ВКонтакте,93,2025-03-21 19:00:00.000
Яндекс,617,2025-03-21 19:00:00.000
Mail.ru,19,2025-03-21 19:00:00.000
ВКонтакте,193,2025-03-22 19:00:00.000
Яндекс,622,2025-03-22 19:00:00.000
Mail.ru,24,2025-03-22 19:00:00.000
ВКонтакте,272,2025-03-23 19:00:00.000
Яндекс,881,2025-03-23 19:00:00.000
Mail.ru,84,2025-03-23 19:00:00.000
ВКонтакте,198,2025-03-24 19:00:00.000
Яндекс,883,2025-03-24 19:00:00.000
Mail.ru,29,2025-03-24 19:00:00.000
ВКонтакте,258,2025-03-25 19:00:00.000
Яндекс,942,2025-03-25 19:00:00.000
Mail.ru,40,2025-03-25 19:00:00.000
ВКонтакте,180,2025-03-26 19:00:00.000
Яндекс,975,2025-03-26 19:00:00.000
Mail.ru,47,2025-03-26 19:00:00.000
ВКонтакте,205,2025-03-27 19:00:00.000
Яндекс,863,2025-03-27 19:00:00.000
Mail.ru,40,2025-03-27 19:00:00.000
ВКонтакте,99,2025-03-28 19:00:00.000
Яндекс,924,2025-03-28 19:00:00.000
Mail.ru,30,2025-03-28 19:00:00.000
ВКонтакте,106,2025-03-29 19:00:00.000
Яндекс,863,2025-03-29 19:00:00.000
Mail.ru,34,2025-03-29 19:00:00.000
ВКонтакте,232,2025-03-30 19:00:00.000
Яндекс,1013,2025-03-30 19:00:00.000
Mail.ru,31,2025-03-30 19:00:00.000
ВКонтакте,310,2025-03-31 19:00:00.000
Яндекс,856,2025-03-31 19:00:00.000
Mail.ru,25,2025-03-31 19:00:00.000
ВКонтакте,126,2025-04-01 19:00:00.000
Яндекс,729,2025-04-01 19:00:00.000
Mail.ru,44,2025-04-01 19:00:00.000
ВКонтакте,299,2025-04-02 19:00:00.000
Яндекс,892,2025-04-02 19:00:00.000
Mail.ru,32,2025-04-02 19:00:00.000
ВКонтакте,296,2025-04-03 19:00:00.000
Яндекс,806,2025-04-03 19:00:00.000
Mail.ru,50,2025-04-03 19:00:00.000
